{
    "m_Version": 7,
    "SpawnLocations": [
        {
            "Name": "The commons",
            "Positions": [
                [
                    3818.38,
                    7.53386,
                    3416.2
                ],
                [
                    3670.93,
                    7.09215,
                    3538.11
                ],
                [
                    3797.36,
                    7.2928,
                    3587.2
                ],
                [
                    4019.83,
                    7.00318,
                    3472.18
                ]
            ],
            "UseCooldown": 1
        },
        {
            "Name": "Jolan Park",
            "Positions": [
                [
                    3572.01,
                    7.0025,
                    5349.59
                ],
                [
                    3501.5,
                    7.00245,
                    5405.65
                ],
                [
                    3620.36,
                    7.00246,
                    5457.72
                ],
                [
                    3661.34,
                    7.00243,
                    5384.49
                ]
            ],
            "UseCooldown": 1
        },
        {
            "Name": "Askari",
            "Positions": [
                [
                    6563.68,
                    7.01247,
                    5734.93
                ],
                [
                    6582.44,
                    7.01241,
                    5602.78
                ],
                [
                    6781.77,
                    7.01244,
                    5645.53
                ],
                [
                    6970.51,
                    7.01244,
                    5776.81
                ]
            ],
            "UseCooldown": 1
        },
        {
            "Name": "Highway 11",
            "Positions": [
                [
                    8213.55,
                    7.01243,
                    5482.31
                ],
                [
                    8178.3,
                    7.01243,
                    5484.51
                ],
                [
                    8180.43,
                    7.01243,
                    5531.21
                ]
            ],
            "UseCooldown": 1
        }
    ],
    "StartingClothing": {
        "EnableCustomClothing": 1,
        "SetRandomHealth": 1,
        "Headgear": [],
        "Glasses": [],
        "Masks": [],
        "Tops": [
            "TShirt_Green",
            "TShirt_Blue",
            "TShirt_Black",
            "TShirt_Beige",
            "TShirt_Red",
            "TShirt_OrangeWhiteStripes",
            "TShirt_White",
            "TShirt_Red",
            "TShirt_Grey",
            "TShirt_RedBlackStripes"
        ],
        "Vests": [],
        "Gloves": [],
        "Pants": [
            "CanvasPants_Beige",
            "CanvasPants_Blue",
            "CanvasPants_Grey",
            "CanvasPants_Red",
            "CanvasPants_Violet",
            "CanvasPantsMidi_Beige",
            "CanvasPantsMidi_Blue",
            "CanvasPantsMidi_Grey",
            "CanvasPantsMidi_Red",
            "CanvasPantsMidi_Violet"
        ],
        "Belts": [],
        "Shoes": [
            "AthleticShoes_Blue",
            "AthleticShoes_Grey",
            "AthleticShoes_Brown",
            "AthleticShoes_Green",
            "AthleticShoes_Black"
        ],
        "Armbands": [],
        "Backpacks": [
            "TaloonBag_Blue",
            "TaloonBag_Green",
            "TaloonBag_Orange",
            "TaloonBag_Violet"
        ]
    },
    "EnableSpawnSelection": 1,
    "SpawnOnTerritory": 0,
    "StartingGear": {
        "EnableStartingGear": 1,
        "ApplyEnergySources": 1,
        "SetRandomHealth": 1,
        "UpperGear": [
            {
                "ClassName": "Rag",
                "Quantity": 4,
                "Attachments": []
            },
            {
                "ClassName": "Apple",
                "Quantity": -1,
                "Attachments": []
            }
        ],
        "PantsGear": [],
        "BackpackGear": [],
        "VestGear": [],
        "PrimaryWeapon": {},
        "SecondaryWeapon": {}
    },
    "UseLoadouts": 0,
    "MaleLoadouts": [
        {
            "Loadout": "PlayerSurvivorLoadout",
            "Chance": 1.0
        }
    ],
    "FemaleLoadouts": [
        {
            "Loadout": "PlayerSurvivorLoadout",
            "Chance": 1.0
        }
    ],
    "SpawnHealthValue": 100.0,
    "SpawnEnergyValue": 500.0,
    "SpawnWaterValue": 500.0,
    "EnableRespawnCooldowns": 1,
    "RespawnCooldown": 120,
    "TerritoryRespawnCooldown": 240,
    "PunishMultispawn": 1,
    "PunishCooldown": 120,
    "PunishTimeframe": 300,
    "CreateDeathMarker": 1,
    "BackgroundImagePath": "DayZExpansion/SpawnSelection/GUI/textures/wood_background.edds"
}